simovert vc,,,,,,,,,,,,
P No.,Par.- text,Ind.,Index text,Par. value,,,,,,,,
P095,Type of Motor,1,MDS1,[10] async./sync IEC,,,,,,,,
P097,Select 1PH7,1,MDS1,[0] no motor,,,,,,,,
P100,Control Mode,1,MDS1,[3] f Regulat,,,,,,,,
P101,Mot Rtd Volts,1,MDS1,5 V,,,,,,,,
P102,Motor Rtd Amps,1,MDS1,3.5 A,,,,,,,,
P103,Motor Magn Amps,1,MDS1,65.80%,,,,,,,,
P104,MotPwrFactor,1,MDS1,0.64,,,,,,,,
P105,Motor Rtd Power,1,MDS1,1.0 hp,,,,,,,,
P106,Motor Rtd Effic.,1,MDS1,95.00%,,,,,,,,
P107,Motor Rtd Freq,1,MDS1,50.00 Hz,,,,,,,,
P108,Motor Rtd Speed,1,MDS1,1400.0 min��,,,,,,,,
P109,Motor #PolePairs,1,MDS1,2,,,,,,,,
P113,Mot Rtd Torque,1,MDS1,9.00 Nm,,,,,,,,
P114,Technol. Cond.,1,MDS1,[0] Standard Drive,,,,,,,,
P115,Calc MotModel,0,MDS4,[0] Return,,,,,,,,
P116,Start-up Time,1,MDS1,1.00 s,,,,,,,,
P117,Resist Cable,1,MDS1,0.00%,,,,,,,,
P120,Main Reactance,1,MDS1,109.40%,,,,,,,,
P121,Stator Resist,1,MDS1,9.77%,,,,,,,,
P122,Tot Leak React,1,MDS1,2.00%,,,,,,,,
P127,RotResistTmpFact,1,MDS1,98.40%,,,,,,,,
P128,Imax,1,MDS1,3.9 A,,,,,,,,
P130,Select MotEncod,1,MDS1,[10] without,,,,,,,,
P138,AnalogTachScale,1,MDS1,3000 min��,,,,,,,,
P139,ConfSetpEnc,0,MDS4,0x0,,,,,,,,
P140,SetpEnc Pulse#,1,Setp Ch1,1024,,,,,,,,
P141,SetpEncFreq,1,Setp Ch1,10000 Hz,,,,,,,,
P151,Encoder Pulse #,1,MDS1,1024,,,,,,,,
P155,S.i(excit.),1,BiCoDS 1,K0  FixConn 0%,,,,,,,,
P157,i(exc.)-Reg. Kp,1,MDS1,0.5,,,,,,,,
P159,Smooth. dI(exc),1,MDS1,100 ms,,,,,,,,
P161,i(min.curr.val.),1,MDS1,0.0 A,,,,,,,,
P162,df(changeCosPhi),1,MDS1,20.00%,,,,,,,,
P163,Flux Reg. Gain,1,MDS1,1.5,,,,,,,,
P164,V(max) reg. Kp,1,MDS1,1.5,,,,,,,,
P165,EMF(max) reg. Kp,1,MDS1,1.5,,,,,,,,
P166,Kp Tdd,1,MDS1,100.00%,,,,,,,,
P167,Kp Tdq,1,MDS1,100.00%,,,,,,,,
P172,S.Pos SetV,1,BiCoDS 1,K0  FixConn 0%,,,,,,,,
P215,max. dn/dt,1,MDS1,5.00 Hz,,,,,,,,
P216,Smooth n/f(FWD),1,MDS1,0.0 ms,,,,,,,,
P217,Slip fail corr'n,1,MDS1,[0] without,,,,,,,,
P220,Smooth m(set),1,MDS1,0 ms,,,,,,,,
P221,smooth n/f(set),1,MDS1,4 ms,,,,,,,,
P222,S.n/f(act),1,BiCoDS 1,K0  FixConn 0%,,,,,,,,
P223,Smooth n/f(act),1,MDS1,4 ms,,,,,,,,
P232,S.n/f RegAdapt,1,BiCoDS 1,K0  FixConn 0%,,,,,,,,
P233,n/f Reg. Adpat.1,1,MDS1,0.00%,,,,,,,,
P234,n/f-Reg. Adapt.2,1,MDS1,100.00%,,,,,,,,
P235,n/f-Reg Gain 1,1,MDS1,3,,,,,,,,
P236,n/f-Reg. Gain2,1,MDS1,3,,,,,,,,
P238,S.n-Reg.Adapt,1,BiCoDS 1,K1  FixConn 100%,,,,,,,,
P240,n/f Reg Time,1,MDS1,400 ms,,,,,,,,
P241,S.SetV n/f-Reg1,1,BiCoDS 1,K0  FixConn 0%,,,,,,,,
P242,S.Set n/f-Reg1,1,BiCoDS 1,B0  FixBinector 0,,,,,,,,
P243,S.nf-Reg1 STOP,1,BiCoDS 1,B0  FixBinector 0,,,,,,,,
P245,S.Droop,1,BiCoDS 1,K0  FixConn 0%,,,,,,,,
P246,Scale Droop,1,MDS1,0.00%,,,,,,,,
P249,DT1 Function T1,1,MDS1,10.0 ms,,,,,,,,
P250,DT1 Function Td,1,MDS1,0.0 ms,,,,,,,,
P251,Band-Stop Gain,1,MDS1,0.00%,,,,,,,,
P253,Filter bandwidth,1,MDS1,0.5 Hz,,,,,,,,
P254,ResonFreqBStop,1,MDS1,50.0 Hz,,,,,,,,
P258,Max Gen Power,1,MDS1,200.00%,,,,,,,,
P259,Max Regen Power,1,MDS1,-200.00%,,,,,,,,
P260,S.Torq (set),1,BiCoDS 1,K0  FixConn 0%,,,,,,,,
P262,S.Torque(add),1,BiCoDS 1,K0  FixConn 0%,,,,,,,,
P268,Kp Isq(max),1,MDS1,100.00%,,,,,,,,
P273,Smooth Isq(set),1,MDS1,7 ms,,,,,,,,
P274,Isq(set) grad.,1,MDS1,14.0 A,,,,,,,,
P275,S.I(max),1,BiCoDS 1,K0  FixConn 0%,,,,,,,,
P276,Current MeanV,0,BiCoDS 2,[0] No MV gen.,,,,,,,,
P278,Torque (static),1,MDS1,30.00%,,,,,,,,
P279,Torque (dynamic),1,MDS1,20.00%,,,,,,,,
P280,Smooth I(Set),1,MDS1,40 ms,,,,,,,,
P282,Gain PRE Isq,1,MDS1,60.00%,,,,,,,,
P283,Current Reg Gain,1,MDS1,0.292,,,,,,,,
P284,Current Reg Time,1,MDS1,4.8 ms,,,,,,,,
P287,SmoothDCBusVolts,1,MDS1,9,,,,,,,,
P288,Decoupl. Gain1,1,MDS1,100.00%,,,,,,,,
P289,Decoupl. Gain 2,1,MDS1,25.00%,,,,,,,,
P291,FSetp Flux (set),1,MDS1,100.00%,,,,,,,,
P293,Field Weak Freq,1,MDS1,50.00 Hz,,,,,,,,
P295,Efficiency Optim,1,MDS1,100.00%,,,,,,,,
P297,Flux Reg. Gain,1,MDS1,1,,,,,,,,
P298,Flux Reg Time,1,MDS1,100 ms,,,,,,,,
P301,Smooth Psi(act),1,MDS1,4.0 ms,,,,,,,,
P303,Smooth Flux(Set),1,MDS1,10 ms,,,,,,,,
P305,FieldWeakRegTime,1,MDS1,150 ms,,,,,,,,
P306,EMF(max),1,MDS1,479 V,,,,,,,,
P307,EMF(max.)-Reg Ti,1,MDS1,150 ms,,,,,,,,
P310,Psi(mod)-reg. Kp,1,MDS1,4,,,,,,,,
P311,Psi(mod)-reg. Tn,1,MDS1,50 ms,,,,,,,,
P313,f(cEMF Mod),1,MDS1,5.00 Hz,,,,,,,,
P314,f(cEMF->AMP-mod),1,MDS1,50.00%,,,,,,,,
P315,cEMF Reg Gain,1,MDS1,0.424,,,,,,,,
P316,cEMF Reg Time,1,MDS1,30.0 ms,,,,,,,,
P317,S.U (set),1,BiCoDS 1,K0  FixConn 0%,,,,,,,,
P318,Boost Mode,1,MDS1,[1] Volt. Boost,,,,,,,,
P319,Boost Amps,1,MDS1,1.5 A,,,,,,,,
P322,Accel Amps,1,MDS1,0.0 A,,,,,,,,
P325,Boost Volts,1,MDS1,12.0 V,,,,,,,,
P326,Boost End Freq,1,MDS1,10.00 Hz,,,,,,,,
P330,V/Hz Mode,1,MDS1,[0] linear,,,,,,,,
P331,Imax Reg Gain,1,MDS1,0.05,,,,,,,,
P332,Imax Reg Time,1,MDS1,100 ms,,,,,,,,
P334,IxR Compens Gain,1,MDS1,0.00%,,,,,,,,
P335,Smooth Isq,1,MDS1,2000 ms,,,,,,,,
P336,Slip Comp Gain,1,MDS1,0.00%,,,,,,,,
P337,Reson Damp Gain,1,MDS1,0.025,,,,,,,,
P338,Common Mode Comp,1,PHUN,3.00 �s,,,,,,,,
P339,ModSystemRelease,1,MDS1,[0] all systems,,,,,,,,
P340,Pulse Frequency,1,MDS1,2.5 kHz,,,,,,,,
P342,Max ModulatDepth,1,MDS1,96.00%,,,,,,,,
P344,ModDepth Headrm,1,MDS1,0.00%,,,,,,,,
P347,ON VoltsCompens.,1,MDS1,1.3 V,,,,,,,,
P348,Dead Time Comp.,0,MDS4,[0] off,,,,,,,,
P349,T(DeadTimeComp.),0,MDS4,2.20 �s,,,,,,,,
P350,Ref Amps,0,MDS4,10.0 A,,,,,,,,
P351,Ref Volts,0,MDS4,415 V,,,,,,,,
P352,Ref Frequency,0,MDS4,50.00 Hz,,,,,,,,
P353,Ref Speed,0,MDS4,1500 min��,,,,,,,,
P354,Ref Torque,0,MDS4,9.00 Nm,,,,,,,,
P357,Sampling Time,0,MDS4,1.2 ms,,,,,,,,
P360,Select UserParam,1,MDS4,60,,,,,,,,
P362,Copy MDS,0,MDS4,0x0,,,,,,,,
P363,Copy BICO DSet,0,MDS4,0x0,,,,,,,,
P364,Copy FuncDSet,0,MDS4,0x0,,,,,,,,
P366,Select FactSet,0,MDS4,[0] Norm Operat,,,,,,,,
P368,Select Setp S.,0,MDS4,[1] AnaIn+Termin,,,,,,,,
P370,Quick Param,0,MDS4,[0] not active,,,,,,,,
P371,Selectivity,0,MDS4,[0] off,,,,,,,,
P372,Simulation Mode,0,MDS4,[0] off,,,,,,,,
P373,Auto Restart,1,MDS1,1,,,,,,,,
P374,AutoRestart Wait,1,MDS1,0 s,,,,,,,,
P375,Ground Flt Test,0,MDS4,[0] not active,,,,,,,,
P379,ambient temp.,1,MDS1,20.00 �C,,,,,,,,
P380,Mot Tmp Warning,1,MDS1,0 �C,,,,,,,,
P381,Mot Tmp Fault,1,MDS1,0 �C,,,,,,,,
P382,Motor Cooling,1,MDS1,[1] forced vent,,,,,,,,
P383,Mot ThermT-Const,1,MDS1,0 s,,,,,,,,
P384,Mot Load Limits,1,WARN,100%,,,,,,,,
P385,S.motor temp.,1,BiCoDS 1,K245  MotTemp,,,,,,,,
P386,RotResistTmpAdap,1,MDS1,[0] not active,,,,,,,,
P387,Motor Series,1,MDS1,[1] 1LA5/1LA7...,,,,,,,,
P388,Motor Weight,1,MDS1,9 kg,,,,,,,,
P389,Internal Fan,1,MDS1,[0] no int. fan,,,,,,,,
P390,Overtemp. Factor,1,MDS1,100.00%,,,,,,,,
P392,Iron Losses,1,MDS1,1.75%,,,,,,,,
P394,S.StartDCBrake,1,BiCoDS 1,B0  FixBinector 0,,,,,,,,
P395,DC Braking,1,MDS1,[0] off,,,,,,,,
P396,DC Braking Amps,1,MDS1,3.0 A,,,,,,,,
P397,DC Braking Time,1,MDS1,5.0 s,,,,,,,,
P398,DC Braking Freq,1,MDS1,100.0 Hz,,,,,,,,
P399,Special Access,0,MDS4,0,,,,,,,,
P401,Fixed Setp 1,1,FDS 1,87.00%,,,,,,,,
P402,Fixed Setp 2,1,FDS 1,0.00%,,,,,,,,
P403,Fixed Setp 3,1,FDS 1,0.00%,,,,,,,,
P404,Fixed Setp 4,1,FDS 1,0.00%,,,,,,,,
P405,Fixed Setp 5,1,FDS 1,0.000 Hz,,,,,,,,
P406,Fixed Setp 6,1,FDS 1,0.000 Hz,,,,,,,,
P407,Fixed Setp 7,1,FDS 1,0.000 Hz,,,,,,,,
P408,Fixed Setp 8,1,FDS 1,0.000 Hz,,,,,,,,
P409,Fixed Setp 9,1,FDS 1,0.0 min��,,,,,,,,
P410,Fixed Setp 10,1,FDS 1,0.0 min��,,,,,,,,
P411,Fixed Setp 11,1,FDS 1,0.0 min��,,,,,,,,
P412,Fixed Setp 12,1,FDS 1,0.0 min��,,,,,,,,
P417,S.FSetp Bit2,1,BiCoDS 1,B1  FixBinector 1,,,,,,,,
P418,S.FSetp Bit3,1,BiCoDS 1,B0  FixBinector 0,,,,,,,,
P421,MOP (max),0,BiCoDS 2,100.00%,,,,,,,,
P422,MOP (min),0,BiCoDS 2,6.00%,,,,,,,,
P423,S.MOP inv.,0,BiCoDS 2,B0  FixBinector 0,,,,,,,,
P425,Conf MOP,0,BiCoDS 2,0x11,,,,,,,,
P426,StartValue MOP,0,BiCoDS 2,6.00%,,,,,,,,
P427,S.Set MOP,0,BiCoDS 2,B0  FixBinector 0,,,,,,,,
P428,S.SetV MOP,0,BiCoDS 2,K0  FixConn 0%,,,,,,,,
P429,S.Auto Setp,0,BiCoDS 2,K0  FixConn 0%,,,,,,,,
P430,S.Manual/Auto,0,BiCoDS 2,B0  FixBinector 0,,,,,,,,
P431,MOP Accel Time,0,BiCoDS 2,40.0 s,,,,,,,,
P432,MOP Decel Time,0,BiCoDS 2,40.0 s,,,,,,,,
P433,S.AddSetpoint1,1,BiCoDS 1,K0  FixConn 0%,,,,,,,,
P434,Scale Add Setp1,1,FDS 1,100.00%,,,,,,,,
P438,S.AddSetpoint2,1,BiCoDS 1,K0  FixConn 0%,,,,,,,,
P439,Scale Add Setp2,1,FDS 1,100.00%,,,,,,,,
P440,SrcDiaFactor,0,FDS 4,K1  FixConn 100%,,,,,,,,
P443,S.MainSetpoint,1,BiCoDS 1,KK58  MOP (Output),,,,,,,,
P444,Scale Main Setp,1,FDS 1,100.00%,,,,,,,,
P445,Base Setpoint,1,FDS 1,0.00%,,,,,,,,
P448,Jog Setp 1,0,FDS 4,10.00%,,,,,,,,
P449,Jog Setp 2,0,FDS 4,20.00%,,,,,,,,
P455,Skip Value,1,FDS 1,0.00%,,,,,,,,
P456,Skip Freq Width,1,FDS 1,5.00%,,,,,,,,
P457,Min Setp,1,FDS 1,6.00%,,,,,,,,
P462,Accel. Time,1,FDS 1,5,,,,,,,,
P463,Accel. Time Unit,1,FDS 1,[0] Sec,,,,,,,,
P464,Decel. Time,1,FDS 1,8,,,,,,,,
P465,Decel. Time Unit,1,FDS 1,[0] Sec,,,,,,,,
P466,Decel. Time OFF3,1,OFF3 DecelTime,1.0 s,,,,,,,,
P467,ProtRampGen Gain,1,FDS 1,1,,,,,,,,
P468,RGen Round Type,0,FDS 4,0,,,,,,,,
P469,Ramp StartSmooth,1,FDS 1,0.00 s,,,,,,,,
P470,Ramp End Smooth,1,FDS 1,0.00 s,,,,,,,,
P471,Scale Torq(PRE),1,MDS1,0.00%,,,,,,,,
P473,S.ScaleT(FWD),1,BiCoDS 1,K1  FixConn 100%,,,,,,,,
P475,Ramp Limitation,0,BiCoDS 2,0.00%,,,,,,,,
P476,RampGen Act Hyst,0,BiCoDS 2,1.00%,,,,,,,,
P477,S.Set Rgen,1,BiCoDS 1,B0  FixBinector 0,,,,,,,,
P478,S.SetV Rgen,1,BiCoDS 1,K0  FixConn 0%,,,,,,,,
P486,S.Torque Setp,1,BiCoDS 1,K0  FixConn 0%,,,,,,,,
P487,Scale Torq Sept,1,FDS 1,100.00%,,,,,,,,
P492,FixTorque 1 Set,1,FDS 1,100.00%,,,,,,,,
P493,S.FixTorque 1,1,BiCoDS 1,K170  Torq(limit1,,,,,,,,
P494,FixTorque 1 Gain,1,FDS 1,100.00%,,,,,,,,
P498,FixTorq 2 Set,1,FDS 1,-100.00%,,,,,,,,
P499,S.FixTorq 2,1,BiCoDS 1,K171  Torq(limit2,,,,,,,,
P500,Scale TorqLim2,1,FDS 1,100.00%,,,,,,,,
P504,I Add Fsetp,1,FDS 1,0.00%,,,,,,,,
P505,Torq AddFSetp,1,FDS 1,0.00%,,,,,,,,
P506,S.Torq Add,1,BiCoDS 1,K87  Torq Add Fsetp,,,,,,,,
P507,ScaleTorqAddSetp,1,FDS 1,100.00%,,,,,,,,
P508,S.I Add,1,BiCoDS 1,K88  I Add Fsetp,,,,,,,,
P509,Scale I Add Setp,1,FDS 1,100.00%,,,,,,,,
P514,Auto Acknowl,0,FDS 4,[0] without,,,,,,,,
P515,DC Bus Volts Reg,1,MDS1,[1] on,,,,,,,,
P516,DC bus Volts Dyn,1,MDS1,25%,,,,,,,,
P517,KIB/FLR,1,MDS1,[0] OFF,,,,,,,,
P518,KIB/FLR LowVolts,1,MDS1,76%,,,,,,,,
P519,KIB/FLR Reg Dyn,1,MDS1,25%,,,,,,10,1,722
P520,KIB/VdmaxRegGain,0,MDS4,25,,,,,,12,2,722.1
P521,KIB/Vdmax Reg TI,0,MDS4,1.6 ms,,,,,,14,3,722.2
P522,KIB/Vdmax Reg TD,0,MDS4,40.0 ms,,,,,,16,4,722.3
P523,FLR Vd min,1,MDS1,76%,,,,,,18,5,722.4
P525,Fly Search Amps,1,MDS1,1.3 A,,,,,,20,6,722.5
P526,Fly Search Speed,1,MDS1,1.0 Hz,,,,,,,,
P527,Fly Stand Kp,1,DurDemag,100.00%,,,,,,,,
P535,SIMO Sound,1,MDS1,[0] OFF,,,,,,,,
P536,n/f RegDyn(set),1,MDS1,50%,,,,,,,,
P537,n/f RegDyn(act),1,MDS1,0%,,,,,,,,
P538,n/f Reg Osc Freq,1,MDS1,0.0 Hz,,,,,,,,
P554,S.ON/OFF1,1,BiCoDS 1,B18  DigIn 5,,,,,,,,
P555,S.1 OFF2(coast),1,BiCoDS 1,B1  FixBinector 1,,,,,,,,
P556,S.2 OFF2(coast),1,BiCoDS 1,B1  FixBinector 1,,,,,,,,
P557,S.3 OFF2(coast),1,BiCoDS 1,B1  FixBinector 1,,,,,,,,
P558,S.1 OFF3(QStop),1,BiCoDS 1,B20  DigIn 6,,,,,,,,
P559,S.2 OFF3(QStop,1,BiCoDS 1,B1  FixBinector 1,,,,,,,,
P560,S.3 OFF3(QStop),1,BiCoDS 1,B1  FixBinector 1,,,,,,,,
P561,S.InvRelease,1,BiCoDS 1,B18  DigIn 5,,,,,,,,
P562,S.RampGen Rel,1,BiCoDS 1,B1  FixBinector 1,,,,,,,,
P563,S.RampGen Stop,1,BiCoDS 1,B1  FixBinector 1,,,,,,,,
P564,S.Setp Release,1,BiCoDS 1,B1  FixBinector 1,,,,,,,,
P565,S.1 Fault Reset,1,BiCoDS 1,B22  DigIn 7,,,,,,,,
P566,S.2 Fault Reset,1,BiCoDS 1,B6107  SCom2Word1Bit 7,,,,,,,,
P567,S.3 Fault Reset,1,BiCoDS 1,B0  FixBinector 0,,,,,,,,
P568,S.Jog Bit0,1,BiCoDS 1,B0  FixBinector 0,,,,,,,,
P569,S.Jog Bit1,1,BiCoDS 1,B0  FixBinector 0,,,,,,,,
P571,S.FWD Speed,1,BiCoDS 1,B1  FixBinector 1,,,,,,,,
P572,S.REV Speed,1,BiCoDS 1,B1  FixBinector 1,,,,,,,,
P573,S.MOP UP,1,BiCoDS 1,B16  DigIn 4,,,,,,,,
P574,S.MOP Down,1,BiCoDS 1,B14  DigIn 3,,,,,,,,
P575,S.No ExtFault1,1,BiCoDS 1,B1  FixBinector 1,,,,,,,,
P576,S.FuncDSetBit0,1,BiCoDS 1,B0  FixBinector 0,,,,,,,,
P577,S.FuncDSetBit1,1,BiCoDS 1,B0  FixBinector 0,,,,,,,,
P578,S.MotDSet Bit0,1,BiCoDS 1,B0  FixBinector 0,,,,,,,,
P579,S.MotDSet Bit1,1,BiCoDS 1,B0  FixBinector 0,,,,,,,,
P580,S.FixSetp Bit0,1,BiCoDS 1,B0  FixBinector 0,,,,,,,,
P581,S.FixSetp Bit1,1,BiCoDS 1,B0  FixBinector 0,,,,,,,,
P583,S.Fly Release,1,BiCoDS 1,B0  FixBinector 0,,,,,,,,
P584,S.Droop Rel,1,BiCoDS 1,B0  FixBinector 0,,,,,,,,
P585,S.n/f-Reg Rel,1,BiCoDS 1,B1  FixBinector 1,,,,,,,,
P586,S.No ExtFault2,1,BiCoDS 1,B1  FixBinector 1,,,,,,,,
P587,S.Master/Slave,1,BiCoDS 1,B0  FixBinector 0,,,,,,,,
P588,S.No Ext Warn1,1,BiCoDS 1,B1  FixBinector 1,,,,,,,,
P589,S.No Ext Warn2,1,BiCoDS 1,B1  FixBinector 1,,,,,,,,
P590,S.BICO DSet,0,BiCoDS 2,B0  FixBinector 0,,,,,,,,
P591,S.ContactorMsg,1,BiCoDS 1,B0  FixBinector 0,,,,,,,,
P600,ContactorMsgTime,0,BiCoDS 2,0 ms,,,,,,,,
P601,S.DigOutMCon,1,BiCoDS 1,B124  Energize MCon,,,,,,,,
P602,Excitation Time,1,MDS1,0.36 s,,,,,,,,
P603,De-MagnetizeTime,1,MDS1,0.36 s,,,,,,,,
P604,Smooth Accel,1,MDS1,[0] off,,,,,,,,
P605,BrakeCtrl,0,MDS4,[0] Without brake,,,,,,,,
P606,BrakeOpenTime,0,MDS4,0.20 s,,,,,,,,
P607,BrakeCloseTime,0,MDS4,0.10 s,,,,,,,,
P608,S.BrakeOpen,1,MDS4,B104  Operation,,,,,,,,
P609,S.BrakeClose,1,MDS4,B105  Not operating,,,,,,,,
P610,S.BrakeThresh1,0,MDS4,K242  OutputAmps(rms9,,,,,,,,
P611,Brake Thresh,0,MDS4,0.00%,,,,,,,,
P612,S.SigBrakeOp,0,MDS4,B1  FixBinector 1,,,,,,,,
P613,S.SigBrakeClos,0,MDS4,B0  FixBinector 0,,,,,,,,
P614,S.PBrakeClos,0,MDS4,B0  FixBinector 0,,,,,,,,
P615,S.BrakeThresh2,0,MDS4,KK148  n/f(act),,,,,,,,
P616,BrakeThresh2,0,MDS4,0.50%,,,,,,,,
P617,BrakeThresh2Time,0,MDS4,0.00 s,,,,,,,,
P631,AnaIn Offset,1,CU-1,0.00 V,,,,,,,,
P632,AnaIn Conf,1,CU-1,[0] -10V...+10V,,,,,,,,
P634,AnaIn Smooth,1,CU-1,4.0 ms,,,,,,,,
P636,S.AnaIn Rel,1,CU-1,B1  FixBinector 1,,,,,,,,
P638,AI Monitor,1,CU-1,[0] living zero ON,,,,,,,,
P640,S.AnaOut,1,CU-1,KK148  n/f(act),,,,,,,,
P643,CU AnalogOutGain,1,CU-1,10.00 V,,,,,,,,
P644,CU- AnalogOutOff,1,CU-1,0.00 V,,,,,,,,
P651,S.DigOut1,1,BiCoDS 1,B124  Energize MCon,,,,,,,,
P652,S.DigOut2,1,BiCoDS 1,B601  AND 0.78,,,,,,,,
P653,S.DigOut3,1,BiCoDS 1,B0  FixBinector 0,,,,,,,,
P654,S.DigOut4,1,BiCoDS 1,B0  FixBinector 0,,,,,,,,
P655,EB1 Signal Type,1,EB1 #1 AI1,[0] +- 10 V,,,,,,,,
P656,EB1 AnaInNorm,1,EB1 #1 AI1,1,,,,,,,,
P657,EB1 AnaIn Offset,1,EB1 #1 AI1,0,,,,,,,,
P658,EB1 AnaIn Conf,1,EB1 #1 AI1,[0] 1:1,,,,,,,,
P659,EB1S.AnaIn inv.,1,EB1 #1 AI1,B0  FixBinector 0,,,,,,,,
P660,EB1 AnaInSmooth2,1,EB1 #1 AI1,0 ms,,,,,,,,
P661,EB1 S.AnaInRel,1,EB1 #1 AI1,B1  FixBinector 1,,,,,,,,
P663,EB1 S.AnaOut,1,EB1 #1 AO1,K0  FixConn 0%,,,,,,,,
P664,EB1 AnaOut Conf,1,EB1 #1 AO1,[0] 1:1,,,,,,,,
P665,EB1 AnaOutSmooth,1,EB1 #1 AO1,0,,,,,,,,
P666,EB1AnaOutNorm,1,EB1 #1 AO1,10.00 V,,,,,,,,
P667,EB1 AnaOutOffset,1,EB1 #1 AO1,0.00 V,,,,,,,,
P669,EB1 S.DigOut,1,EB1 #1 DO1,B0  FixBinector 0,,,,,,,,
P674,EB2 S.RelayOut,1,EB2 #1 RO1,B0  FixBinector 0,,,,,,,,
P675,EB2 Signal Type,1,EB2 #1,[0] +- 10 V,,,,,,,,
P676,EB2 AnaInNorm,1,EB2 #1,1,,,,,,,,
P677,EB2 AnaInOffset,1,EB2 #1,0,,,,,,,,
P678,EB2 AnaInConf,1,EB2 #1,[0] 1:1,,,,,,,,
P679,EB2 S.AnaInInv,1,EB2 #1,B0  FixBinector 0,,,,,,,,
P680,EB2 AnaInSmooth2,1,EB2 #1,0 ms,,,,,,,,
P681,EB2 S.AnaInRel,1,EB2 #1,B1  FixBinector 1,,,,,,,,
P683,EB2 S.AnaOut,1,EB2 #1,K0  FixConn 0%,,,,,,,,
P684,EB2 AnaOutConf,1,EB2 #1,[0] 1:1,,,,,,,,
P685,EB2AnaOutSmooth,1,EB2 #1,0,,,,,,,,
P686,EB2 AnaOutNorm,1,EB2 #1,10.00 V,,,,,,,,
P687,EB2 AnaOutOffset,1,EB2 #1,0.00 V,,,,,,,,
P700,SCom BusAddr,1,Ser.Interface1,0,,,,,,,,
P701,SCom Baud,1,Ser.Interface1,[8] 38400 Baud,,,,,,,,
P702,SCom PKW #,1,Ser.Interface1,127,,,,,,,,
P703,SCom PcD #,1,Ser.Interface1,2,,,,,,,,
P704,SCom TlgOFF,1,Ser.Interface1,0 ms,,,,,,,,
P707,S.SCom1TrnsData,1,W01,K32  Status Word 1,,,,,,,,
P708,S.SCom2TrnsData,1,W01,K32  Status Word 1,,,,,,,,
P711,CB Parameter 1,1,W16,0,,,,,,,,
P712,CB Parameter 2,1,W16,0,,,,,,,,
P713,CB Parameter 3,1,W16,0,,,,,,,,
P714,CB Parameter 4,1,W16,0,,,,,,,,
P715,CB Parameter 5,1,W16,0,,,,,,,,
P716,CB Parameter 6,1,W16,0,,,,,,,,
P717,CB Parameter 7,1,W16,0,,,,,,,,
P718,CB Parameter 8,1,W16,0,,,,,,,,
P719,CB Parameter 9,1,W16,0,,,,,,,,
P720,CB Parameter 10,1,W16,0,,,,,,,,
P721,CB Parameter 11,1,W16,0,,,,,,,,
P722,CB/TB TlgOFF,1,W16,10 ms,,,,,,,,
P724,Select CB synch,0,W16,[0] Sync of 1st CB,,,,,,,,
P734,S.CB/TBTrnsData,1,W01,K32  Status Word 1,,,,,,,,
P736,S.CB2 TrnsData,1,W01,K32  Status Word 1,,,,,,,,
P740,SLB NodeAddr,1,1st SLB,1,,,,,,,,
P741,SLB TlgOFF,0,2nd SLB,0 ms,,,,,,,,
P742,SLB Trns Power,0,2nd SLB,3,,,,,,,,
P743,SLB # Nodes,1,1st SLB,0,,,,,,,,
P744,S.SYNC Sel,1,2nd SLB,B0  FixBinector 0,,,,,,,,
P745,SLB Channel #,1,1st SLB,2,,,,,,,,
P746,SLB Cycle Time,1,1st SLB,3.20 ms,,,,,,,,
P747,S.SLBAppl.Flags,1,2nd SLB,B0  FixBinector 0,,,,,,,,
P760,T(friction) cons,1,MDS1,0.00%,,,,,,,,
P761,T(frict) prop.n.,1,MDS1,0.00%,,,,,,,,
P762,T(frict) prop.n2,1,MDS1,0.00%,,,,,,,,
P792,Perm Deviation,1,FDS 1,10.00%,,,,,,,,
P793,Set/Act Hyst,1,FDS 1,3.00%,,,,,,,,
P794,Deviation Time,1,FDS 1,3.0 s,,,,,,,,
P795,S.Comp ActV,0,FDS 4,KK148  n/f(act),,,,,,,,
P796,Compare Value,1,FDS 1,2.50%,,,,,,,,
P797,Compare Hyst,1,FDS 1,0.50%,,,,,,,,
P798,Compare Time,1,FDS 1,3.0 s,,,,,,,,
P800,OFF Value,1,FDS 1,0.50%,,,,,,,,
P801,OFF Time,1,FDS 1,0.00 s,,,,,,,,
P802,S.Speed Setp,0,FDS 4,KK75  n/f (set),,,,,,,,
P804,Overspeed Hyst,0,FDS 4,10.00%,,,,,,,,
P805,PullOut/BlckTime,1,MDS1,5.00 s,,,,,,,,
P806,Reac Tacho Fault,1,MDS1,[0] Fault,,,,,,,,
P845,SEB AnaOut,1,SEB-Ana 1,K0  FixConn 0%,,,,,,,,
P847,Paralleling Mode,0,SEB-Ana 4,[0] Norm Operat,,,,,,,,
P848,Test Multiparll.,1,SEB-Ana 4,255,,,,,,,,
P852,OP Special 3,0,OP-8.Fault Txt,0,,,,,,,,
P855,OP Special 6,1,OP-8.Fault Txt,0,,,,,,,,
P888,Quick Param,0,OP-8.Fault Txt,[0] Drive Volts,,,,,,,,
P889,Fixed Settings,0,OP-8.Fault Txt,[0] Select FactSet,,,,,,,,
P891,no function,0,OP-8.Fault Txt,[0] no function,,,,,,,,
P892,Diagnostics,0,OP-8.Fault Txt,[0] Fault/Warning,,,,,,,,
P893,Reg/GateUnit,0,OP-8.Fault Txt,[0] no function,,,,,,,,
P894,Mot/EncodData,0,OP-8.Fault Txt,[0] Motor Data,,,,,,,,
P895,Communication,0,OP-8.Fault Txt,[0] SCom1/SCom2,,,,,,,,
P896,Parameter Menu,0,OP-8.Fault Txt,[0] Common Param,,,,,,,,
P897,Menu Select,0,OP-8.Fault Txt,[7] Upr/fr. Access,,,,,,,,
P898,VectorControl,0,OP-8.Fault Txt,[0] Select Menu,,,,,,,,
P918,CB Bus Address,1,OP-8.Fault Txt,3,,,,,,,,
P922,Telegram Select,0,OP-8.Fault Txt,999,,,,,,,,
P927,Parameter Access,0,OP-8.Fault Txt,1110111,,,,,,,,
U019,S.SH1 KK,1,FDS 4,K0  FixConn 0%,,,,,,,,
U020,S.SH1 K,1,FDS 4,K0  FixConn 0%,,,,,,,,
U021,Fixed Bit 1,1,FDS 1,0,,,,,,,,
U022,Fixed Bit 2,1,FDS 1,0,,,,,,,,
U023,Fixed Bit 3,1,FDS 1,0,,,,,,,,
U024,Fixed Bit 4,1,FDS 1,0,,,,,,,,
U025,Fixed Bit 5,1,FDS 1,0,,,,,,,,
U026,Fixed Bit 6,1,FDS 1,0,,,,,,,,
U027,Fixed Bit 7,1,FDS 1,0,,,,,,,,
U028,Fixed Bit 8,1,FDS 1,0,,,,,,,,
U029,S.SH2 KK,1,FDS 4,K0  FixConn 0%,,,,,,,,
U030,S.SH2 K,1,FDS 4,K0  FixConn 0%,,,,,,,,
U031,S.Conn Disp 1,0,FDS 4,K0  FixConn 0%,,,,,,,,
U033,S.Conn Disp 2,0,FDS 4,K0  FixConn 0%,,,,,,,,
U035,S.Conn Disp 3,0,FDS 4,K0  FixConn 0%,,,,,,,,
U037,S.DConn Disp 1,0,FDS 4,K0  FixConn 0%,,,,,,,,
U039,S.DConn Disp 2,0,FDS 4,K0  FixConn 0%,,,,,,,,
U041,S.DConn Disp 3,0,FDS 4,K0  FixConn 0%,,,,,,,,
U043,S.DConn Disp 4,0,FDS 4,K0  FixConn 0%,,,,,,,,
U045,S.Bin Disp 1,0,FDS 4,B0  FixBinector 0,,,,,,,,
U047,S.Bin Disp 2,0,FDS 4,B0  FixBinector 0,,,,,,,,
U049,S.Bin Disp 3,0,FDS 4,B0  FixBinector 0,,,,,,,,
U051,S.Bin Disp 4,0,FDS 4,B0  FixBinector 0,,,,,,,,
U053,S.ConnDispSmth,0,FDS 4,K0  FixConn 0%,,,,,,,,
U055,S.DConnDispSmth,0,FDS 4,K0  FixConn 0%,,,,,,,,
U057,S.Bin/Con Conv4,1,FDS 4,B0  FixBinector 0,,,,,,,,
U059,S.SH1 B,1,FDS 4,B0  FixBinector 0,,,,,,,,
U060,SH1 Time Slot,0,FDS 4,2,,,,,,,,
U061,S.Fault F148,0,FDS 4,B0  FixBinector 0,,,,,,,,
U062,S.Fault F149,0,FDS 4,B0  FixBinector 0,,,,,,,,
U063,S.Fault F150,0,FDS 4,B0  FixBinector 0,,,,,,,,
U064,S.Fault F151,0,FDS 4,B0  FixBinector 0,,,,,,,,
U065,S.Warning A061,0,FDS 4,B0  FixBinector 0,,,,,,,,
U066,S.Warning A062,0,FDS 4,B0  FixBinector 0,,,,,,,,
U067,S.Warning A063,0,FDS 4,B0  FixBinector 0,,,,,,,,
U068,S.Warning A064,0,FDS 4,B0  FixBinector 0,,,,,,,,
U070,S.Conn/DConnC,1,High word 1,K0  FixConn 0%,,,,,,,,
U071,S.DConn/ConnC,1,Double word 1,K0  FixConn 0%,,,,,,,,
U072,S.Conn/BinC,1,Input 1,K0  FixConn 0%,,,,,,,,
U076,S.Bin/ConnC1,1,Input 3,B0  FixBinector 0,,,,,,,,
U078,S.Bin/ConnC2,1,Input 3,B0  FixBinector 0,,,,,,,,
U080,S.Bin/ConnC3,1,Input 3,B0  FixBinector 0,,,,,,,,
U082,S.Conn Add 1,1,Input 1,K0  FixConn 0%,,,,,,,,
U083,S.Conn Add 2,1,Input 1,K0  FixConn 0%,,,,,,,,
U084,S.Conn Add 3,1,Input 1,K0  FixConn 0%,,,,,,,,
U085,S.Conn Add 4,1,Input 1,K0  FixConn 0%,,,,,,,,
U086,S.Conn Add 5,1,Input 1,K0  FixConn 0%,,,,,,,,
U087,S.ConnSub1,1,Input 1,K0  FixConn 0%,,,,,,,,
U088,S.ConnSub2,1,Input 1,K0  FixConn 0%,,,,,,,,
U089,S.ConnSub3,1,Input 1,K0  FixConn 0%,,,,,,,,
U090,S.DConnAdd 1,1,Input 1,K0  FixConn 0%,,,,,,,,
U091,S.DConnAdd 2,1,Input 1,K0  FixConn 0%,,,,,,,,
U092,S.DConnAdd 3,1,Input 1,K0  FixConn 0%,,,,,,,,
U093,S.DConnAdd 4,1,Input 1,K0  FixConn 0%,,,,,,,,
U094,S.DConnSub1,1,Input 1,K0  FixConn 0%,,,,,,,,
U095,S.DConnSub2,1,Input 1,K0  FixConn 0%,,,,,,,,
U096,S.ConnM A/S,1,Input 1,K0  FixConn 0%,,,,,,,,
U097,S.DConnM A/S,1,Input 1,K0  FixConn 0%,,,,,,,,
U098,S.Conn Inv1,0,Input 3,K0  FixConn 0%,,,,,,,,
U099,S.Conn Inv2,0,Input 3,K0  FixConn 0%,,,,,,,,
U100,S.Conn Inv3,0,Input 3,K0  FixConn 0%,,,,,,,,
U101,S.DConn Inv 1,0,Input 3,K0  FixConn 0%,,,,,,,,
U102,S.DConn Inv 2,0,Input 3,K0  FixConn 0%,,,,,,,,
U103,S.1 Conn SwInv,0,Input 3,B0  FixBinector 0,,,,,,,,
U104,S.2 Conn SwInv,0,Input 3,K0  FixConn 0%,,,,,,,,
U105,S.1 DConnSwInv,0,Input 3,B0  FixBinector 0,,,,,,,,
U106,S.2 DConnSwInv,0,Input 3,K0  FixConn 0%,,,,,,,,
U107,S.Conn Mult1,1,Input 1,K0  FixConn 0%,,,,,,,,
U108,S.Conn Mult2,1,Input 1,K0  FixConn 0%,,,,,,,,
U109,S.Conn Mult3,1,Input 1,K0  FixConn 0%,,,,,,,,
U110,S.DConn Mult,1,Input 1,KK148  n/f(act),,,,,,,,
U111,S.Conn Div1,1,Input 1,K0  FixConn 0%,,,,,,,,
U112,S.Conn Div2,1,Input 1,K0  FixConn 0%,,,,,,,,
U113,S.DConn Div,1,Input 1,K0  FixConn 0%,,,,,,,,
U114,S.ConnMult/Div1,1,Multiplic. x1,K0  FixConn 0%,,,,,,,,
U115,S.ConnMult/Div2,1,Multiplic. x1,K0  FixConn 0%,,,,,,,,
U116,S.ConnMult/Div3,1,Multiplic. x1,K0  FixConn 0%,,,,,,,,
U117,S.ConnAbsV1,0,Divisor x3,K0  FixConn 0%,,,,,,,,
U118,Mode ConnAbsV1,0,Divisor x3,[0] y = Signal,,,,,,,,
U119,SmoothConAbsV1,0,Divisor x3,0 ms,,,,,,,,
U120,S.ConnAbsV2,0,Divisor x3,K0  FixConn 0%,,,,,,,,
U121,Mode ConnAbsV2,0,Divisor x3,[0] y = Signal,,,,,,,,
U122,SmoothConAbsV2,0,Divisor x3,0 ms,,,,,,,,
U123,S.ConnAbsV3,0,Divisor x3,K0  FixConn 0%,,,,,,,,
U124,Mode ConnAbsV3,0,Divisor x3,[0] y = Signal,,,,,,,,
U125,SmoothConAbsV3,0,Divisor x3,0 ms,,,,,,,,
U126,S.DConnAbsV,0,Divisor x3,K0  FixConn 0%,,,,,,,,
U127,Mode DConnAbsV,0,Divisor x3,[0] y = Signal,,,,,,,,
U128,SmoothDConnAbsV,0,Divisor x3,0 ms,,,,,,,,
U129,FSetpConnLimitr1,1,FDS 1,100.00%,,,,,,,,
U130,S.ConnLimitr1,1,Limit B+,K503  LIMITR K 1.74 3,,,,,,,,
U131,FSetpConnLimitr2,1,FDS 1,100.00%,,,,,,,,
U132,S.ConnLimitr2,1,Limit B+,K506  LIMITR K 2.38 3,,,,,,,,
U133,FSetp DConnLmt,1,FDS 1,100.00%,,,,,,,,
U134,S.DConnLimitr,1,Limit B+,KK509  LIMITR KK 2.483,,,,,,,,
U135,FSetpConnLmtMon1,0,Limit B-,0.00%,,,,,,,,
U136,S.ConnLmtMon1,1,Input A,K0  FixConn 0%,,,,,,,,
U137,SmConnLmtMon1,0,Input B,0 ms,,,,,,,,
U138,HysConnLmtMon1,0,Input B,0.00%,,,,,,,,
U139,ModeConnLmtMon1,0,Input B,[0] | A | < B,,,,,,,,
U140,FSetpConnLmtMon1,0,Input B,0.00%,,,,,,,,
U141,S.ConnLmtMon2,1,Input A,K0  FixConn 0%,,,,,,,,
U142,SmConnLmtMon 2,0,Input B,0 ms,,,,,,,,
U143,HysConnLmtMon2,0,Input B,0.00%,,,,,,,,
U144,ModeConnLmtMon2,0,Input B,[0] | A | < B,,,,,,,,
U145,FSDConnLmtMon1,0,Input B,0.00%,,,,,,,,
U146,S.DConnLmtMon1,1,Input A,K0  FixConn 0%,,,,,,,,
U147,HysLmtMon3,0,Input B,0 ms,,,,,,,,
U148,HysDConnLmtMon1,0,Input B,0.00%,,,,,,,,
U149,ModeDConnLmtMon1,0,Input B,[0] | A | < B,,,,,,,,
U150,FSDConnLmtMon2,0,Input B,0.00%,,,,,,,,
U151,S.DConnLmtMon2,1,Input A,K0  FixConn 0%,,,,,,,,
U152,HysDConnLmtMon2,0,Input B,0.00%,,,,,,,,
U153,ModeDConnLmtMon2,0,Input B,[0] | A | < B,,,,,,,,
U154,S.Cam 1/2,0,Input B,K0  FixConn 0%,,,,,,,,
U155,Hys Cam 1/2,1,Hysteresis,0,,,,,,,,
U156,ON-Pos Cam1,1,FDS 1,0,,,,,,,,
U157,OFF-Pos Cam1,1,FDS 1,0,,,,,,,,
U158,ON-Pos Cam2,1,FDS 1,0,,,,,,,,
U159,OFF-Pos Cam2,1,FDS 1,0,,,,,,,,
U160,S.Cam 3/4,0,FDS 4,K0  FixConn 0%,,,,,,,,
U161,Hys Cam 3/4,1,Hysteresis,0,,,,,,,,
U162,ON-Pos Cam3,1,FDS 1,0,,,,,,,,
U163,OFF-Pos Cam3,1,FDS 1,0,,,,,,,,
U164,ON-Pos Cam4,1,FDS 1,0,,,,,,,,
U165,OFF-Pos Cam4,1,FDS 1,0,,,,,,,,
U166,S.1 ConnCh1,0,FDS 4,B0  FixBinector 0,,,,,,,,
U167,S.2 ConnCh1,1,Input(SlctBi=0),K0  FixConn 0%,,,,,,,,
U168,S.1 ConnCh2,0,Input(SlctBi=1),B0  FixBinector 0,,,,,,,,
U169,S.2 ConnCh2,1,Input(SlctBi=0),K0  FixConn 0%,,,,,,,,
U170,S.1 ConnCh3,0,Input(SlctBi=1),B0  FixBinector 0,,,,,,,,
U171,S.2 ConnCh3,1,Input(SlctBi=0),K0  FixConn 0%,,,,,,,,
U172,S.1 ConnCh4,0,Input(SlctBi=1),B0  FixBinector 0,,,,,,,,
U173,S.2 ConnCh4,1,Input(SlctBi=0),K0  FixConn 0%,,,,,,,,
U174,S.1 ConnCh5,0,Input(SlctBi=1),B0  FixBinector 0,,,,,,,,
U175,S.2 ConnCh5,1,Input(SlctBi=0),K0  FixConn 0%,,,,,,,,
U176,S.1DconnCh1,0,Input(SlctBi=1),B0  FixBinector 0,,,,,,,,
U177,S.2DConnCh1,1,Input(SlctBi=0),K0  FixConn 0%,,,,,,,,
U178,S.1DConnCh2,0,Input(SlctBi=1),B0  FixBinector 0,,,,,,,,
U179,S.2DConnCh2,1,Input(SlctBi=0),K0  FixConn 0%,,,,,,,,
U180,S.1DConnCh3,0,Input(SlctBi=1),B0  FixBinector 0,,,,,,,,
U181,S.2DConnCh3,1,Input(SlctBi=0),K0  FixConn 0%,,,,,,,,
U182,S.1DConnCh4,0,Input(SlctBi=1),B0  FixBinector 0,,,,,,,,
U183,S.2DConnCh4,1,Input(SlctBi=0),K0  FixConn 0%,,,,,,,,
U184,S.1DConnCh5,0,Input(SlctBi=1),B0  FixBinector 0,,,,,,,,
U185,S.2DConnCh5,1,Input(SlctBi=0),K0  FixConn 0%,,,,,,,,
U186,S.1 Multiplex,1,Bit 0,B0  FixBinector 0,,,,,,,,
U187,S.2 Multiplex,1,Input 1,K0  FixConn 0%,,,,,,,,
U188,S.1 Demultiplex,1,Input 8,B0  FixBinector 0,,,,,,,,
U189,S.2 Demultiplex,0,Input 8,K0  FixConn 0%,,,,,,,,
U190,S.Char1,0,Input 8,K0  FixConn 0%,,,,,,,,
U191,X-Vals Char1,1,Input 8,0.00%,,,,,,,,
U192,Y-Vals Char1,1,Input 8,0.00%,,,,,,,,
U193,S.Char2,0,Input 8,K0  FixConn 0%,,,,,,,,
U194,X-Vals Char2,1,Input 8,0.00%,,,,,,,,
U195,Y-Vals Char2,1,Input 8,0.00%,,,,,,,,
U196,S.Char3,0,Input 8,K0  FixConn 0%,,,,,,,,
U197,X-Vals Char3,1,Input 8,0.00%,,,,,,,,
U198,Y-Vals Char3,1,Input 8,0.00%,,,,,,,,
U199,S.DeadZone,0,Input 8,K0  FixConn 0%,,,,,,,,
U200,Neutral Zone,0,Input 8,0.00%,,,,,,,,
U201,S.MaxSel,1,Input 1,K0  FixConn 0%,,,,,,,,
U202,S.MinSel,1,Input 1,K0  FixConn 0%,,,,,,,,
U203,S.1 Tra/Stor1,1,TRACK,B0  FixBinector 0,,,,,,,,
U204,S.2 Tra/Stor1,0,RESET,K0  FixConn 0%,,,,,,,,
U205,Mode Tra/Stor1,0,RESET,[0] Non permanent,,,,,,,,
U206,S.1 Tra/Stor2,1,TRACK,B0  FixBinector 0,,,,,,,,
U207,S.2 Tra/Stor2,0,RESET,K0  FixConn 0%,,,,,,,,
U208,Mode Tra/Stor2,0,RESET,[0] Non permanent,,,,,,,,
U209,S.1 Store 1,0,RESET,K0  FixConn 0%,,,,,,,,
U210,S.2 Store 1,0,RESET,B0  FixBinector 0,,,,,,,,
U211,S.1 Store 2,0,RESET,K0  FixConn 0%,,,,,,,,
U212,S.2 Store 2,0,RESET,B0  FixBinector 0,,,,,,,,
U221,S.AND1,1,RESET,B107  No fault,,,,,,,,
U222,S.AND2,1,RESET,B1  FixBinector 1,,,,,,,,
U223,S.AND3,1,RESET,B1  FixBinector 1,,,,,,,,
U224,S.AND4,1,RESET,B1  FixBinector 1,,,,,,,,
U225,S.AND5,1,RESET,B1  FixBinector 1,,,,,,,,
U226,S.AND6,1,RESET,B1  FixBinector 1,,,,,,,,
U227,S.AND7,1,RESET,B1  FixBinector 1,,,,,,,,
U228,S.AND8,1,RESET,B1  FixBinector 1,,,,,,,,
U229,S.AND9,1,RESET,B1  FixBinector 1,,,,,,,,
U230,S.AND10,1,RESET,B1  FixBinector 1,,,,,,,,
U231,S.AND11,1,RESET,B1  FixBinector 1,,,,,,,,
U232,S.AND12,1,RESET,B1  FixBinector 1,,,,,,,,
U233,S.AND13,1,RESET,B1  FixBinector 1,,,,,,,,
U234,S.AND14,1,RESET,B1  FixBinector 1,,,,,,,,
U235,S.AND15,1,RESET,B1  FixBinector 1,,,,,,,,
U236,S.AND16,1,RESET,B1  FixBinector 1,,,,,,,,
U237,S.AND17,1,RESET,B1  FixBinector 1,,,,,,,,
U238,S.AND18,1,RESET,B1  FixBinector 1,,,,,,,,
U239,S.OR1,1,RESET,B0  FixBinector 0,,,,,,,,
U240,S.OR2,1,RESET,B0  FixBinector 0,,,,,,,,
U241,S.OR3,1,RESET,B0  FixBinector 0,,,,,,,,
U242,S.OR4,1,RESET,B0  FixBinector 0,,,,,,,,
U243,S.OR5,1,RESET,B0  FixBinector 0,,,,,,,,
U244,S.OR6,1,RESET,B0  FixBinector 0,,,,,,,,
U245,S.OR7,1,RESET,B0  FixBinector 0,,,,,,,,
U246,S.OR8,1,RESET,B0  FixBinector 0,,,,,,,,
U247,S.OR9,1,RESET,B0  FixBinector 0,,,,,,,,
U248,S.OR10,1,RESET,B0  FixBinector 0,,,,,,,,
U249,S.OR11,1,RESET,B0  FixBinector 0,,,,,,,,
U250,S.OR12,1,RESET,B0  FixBinector 0,,,,,,,,
U251,S.BinInv1,0,RESET,B0  FixBinector 0,,,,,,,,
U252,S.BinInv2,0,RESET,B0  FixBinector 0,,,,,,,,
U253,S.BinInv3,0,RESET,B0  FixBinector 0,,,,,,,,
U254,S.BinInv4,0,RESET,B0  FixBinector 0,,,,,,,,
U255,S.BinInv5,0,RESET,B0  FixBinector 0,,,,,,,,
U256,S.BinInv6,0,RESET,B0  FixBinector 0,,,,,,,,
U257,S.BinInv7,0,RESET,B0  FixBinector 0,,,,,,,,
U258,S.BinInv8,0,RESET,B0  FixBinector 0,,,,,,,,
U259,S.BinInv9,0,RESET,B0  FixBinector 0,,,,,,,,
U260,S.BinInv10,0,RESET,B0  FixBinector 0,,,,,,,,
U261,S.NAND1,1,RESET,B0  FixBinector 0,,,,,,,,
U262,S.NAND2,1,RESET,B0  FixBinector 0,,,,,,,,
U263,S.NAND3,1,RESET,B0  FixBinector 0,,,,,,,,
U264,S.NAND4,1,RESET,B0  FixBinector 0,,,,,,,,
U265,S.NAND5,1,RESET,B0  FixBinector 0,,,,,,,,
U266,S.NAND6,1,RESET,B0  FixBinector 0,,,,,,,,
U267,S.NAND7,1,RESET,B0  FixBinector 0,,,,,,,,
U268,S.NAND8,1,RESET,B0  FixBinector 0,,,,,,,,
U269,S.SH2 B,1,RESET,B0  FixBinector 0,,,,,,,,
U270,SH2 Time Slot,0,RESET,2,,,,,,,,
U271,S.BinCh1,1,Select Binector,B0  FixBinector 0,,,,,,,,
U272,S.BinCh2,1,Select Binector,B0  FixBinector 0,,,,,,,,
U273,S.BinCh3,1,Select Binector,B0  FixBinector 0,,,,,,,,
U274,S.BinCh4,1,Select Binector,B0  FixBinector 0,,,,,,,,
U275,S.BinCh5,1,Select Binector,B0  FixBinector 0,,,,,,,,
U276,S.EXOR1,1,Input(SlctBi=1),B0  FixBinector 0,,,,,,,,
U277,S.EXOR2,1,Input(SlctBi=1),B0  FixBinector 0,,,,,,,,
U278,S.EXOR3,1,Input(SlctBi=1),B0  FixBinector 0,,,,,,,,
U279,S.D-FlipFlop1,1,SET,B0  FixBinector 0,,,,,,,,
U280,S.D-FlipFlop2,1,SET,B0  FixBinector 0,,,,,,,,
U281,S.RS-FlipFlop1,1,SET,B0  FixBinector 0,,,,,,,,
U282,S.RS-FlipFlop2,1,SET,B0  FixBinector 0,,,,,,,,
U283,S.RS-FlipFlop3,1,SET,B0  FixBinector 0,,,,,,,,
U284,S.RS-FlipFlop4,1,SET,B0  FixBinector 0,,,,,,,,
U285,S.RS-FlipFlop5,1,SET,B0  FixBinector 0,,,,,,,,
U286,S.RS-FlipFlop6,1,SET,B0  FixBinector 0,,,,,,,,
U287,S.RS-FlipFlop7,1,SET,B0  FixBinector 0,,,,,,,,
U288,S.RS-FlipFlop8,1,SET,B0  FixBinector 0,,,,,,,,
U289,S.RS-FlipFlop9,1,SET,B0  FixBinector 0,,,,,,,,
U290,S.RS-FlipFlop10,1,SET,B0  FixBinector 0,,,,,,,,
U291,S.RS-FlipFlop11,1,SET,B0  FixBinector 0,,,,,,,,
U292,S.RS-FlipFlop12,1,SET,B0  FixBinector 0,,,,,,,,
U293,S.Timer1,0,RESET,B0  FixBinector 0,,,,,,,,
U294,Time Timer1,1,FDS 1,0.000 s,,,,,,,,
U295,Mode Timer1,0,FDS 4,[0] ON Delay,,,,,,,,
U296,S.Timer2,0,FDS 4,B0  FixBinector 0,,,,,,,,
U297,Time Timer2,1,FDS 1,0.000 s,,,,,,,,
U298,Mode Timer2,0,FDS 4,[0] ON Delay,,,,,,,,
U299,S.Timer3,0,FDS 4,B0  FixBinector 0,,,,,,,,
U300,Time Timer3,1,FDS 1,0.000 s,,,,,,,,
U301,Mode Timer3,0,FDS 4,[0] ON Delay,,,,,,,,
U302,S.Timer4,0,FDS 4,B0  FixBinector 0,,,,,,,,
U303,Time Timer4,1,FDS 1,0.000 s,,,,,,,,
U304,Mode Timer4,0,FDS 4,[0] ON Delay,,,,,,,,
U305,S.Timer5,0,FDS 4,B0  FixBinector 0,,,,,,,,
U306,Time Timer5,1,FDS 1,0.00 s,,,,,,,,
U307,Mode Timer5,0,FDS 4,[0] ON Delay,,,,,,,,
U308,S.Timer6,0,FDS 4,B0  FixBinector 0,,,,,,,,
U309,Time Timer6,1,FDS 1,0.00 s,,,,,,,,
U310,Mode Timer6,0,FDS 4,[0] ON Delay,,,,,,,,
U311,S.1 Timer7,0,FDS 4,B0  FixBinector 0,,,,,,,,
U312,S.2 Timer7,0,FDS 4,K1  FixConn 100%,,,,,,,,
U313,Time Timer7,1,FDS 1,0.000 s,,,,,,,,
U314,Mode Timer7,0,FDS 4,[0] ON Delay,,,,,,,,
U315,Param Counter,1,Min Value,0,,,,,,,,
U316,S.ParamCounter,1,Min Value,K561  COUNT MIN K U31,,,,,,,,
U317,S.Bin Counter,1,Count up,B0  FixBinector 0,,,,,,,,
U320,S.ComfRGen In,0,Start Counter,K0  FixConn 0%,,,,,,,,
U321,S.ComfRGen Stop,0,Start Counter,B0  FixBinector 0,,,,,,,,
U322,S.ComfRGen SD,0,Start Counter,B0  FixBinector 0,,,,,,,,
U323,S.ComfRGenSetV,0,Start Counter,K0  FixConn 0%,,,,,,,,
U324,S.Set ComfRGen,0,Start Counter,B0  FixBinector 0,,,,,,,,
U325,S.Rel ComfRGen,0,Start Counter,B1  FixBinector 1,,,,,,,,
U327,ComfRGen Round,0,Start Counter,0,,,,,,,,
U328,S.ComfRGenBridg,0,Start Counter,B0  FixBinector 0,,,,,,,,
U329,S.ComfRGenAdap,0,Start Counter,K1  FixConn 100%,,,,,,,,
U330,ComfRGenAccelT,1,FDS 1,10,,,,,,,,
U331,ComfRGenUnitAT,1,FDS 1,[0] Sec,,,,,,,,
U332,ComfRGenDecelT,1,FDS 1,10,,,,,,,,
U333,ComfRGenUnitDT,1,FDS 1,[0] Sec,,,,,,,,
U334,ComfRGenInitRd,1,FDS 1,0.00 s,,,,,,,,
U335,ComfRGenEndRd,1,FDS 1,0.00 s,,,,,,,,
U336,ComfRGenRtdAT,0,FDS 4,0.01 s,,,,,,,,
U337,ComfRGenQSTime,0,FDS 4,10.0 s,,,,,,,,
U338,S.ComfRGen QS,0,FDS 4,B0  FixBinector 0,,,,,,,,
U342,ComfRGen IntLmt,0,Decel Time,100.00%,,,,,,,,
U343,S.ComfRGenPosL,0,Decel Time,KK573  ComfRGen PosDir,,,,,,,,
U344,S.ComfRGenNegL,0,Decel Time,KK574  ComfRGen NegDir,,,,,,,,
U345,S.FDS.CoRFG,1,FDS Bit0,B92  FDS Bit0,,,,,,,,
U346,S.SH3 KK,1,FDS Bit1,K0  FixConn 0%,,,,,,,,
U347,S.SH3 K,1,FDS Bit1,K0  FixConn 0%,,,,,,,,
U348,S.SH3 B,1,FDS Bit1,B0  FixBinector 0,,,,,,,,
U349,SH3 Time Slot,0,FDS Bit1,2,,,,,,,,
U350,S.TeCntr Rel,0,FDS Bit1,B0  FixBinector 0,,,,,,,,
U351,TeCntr RegType,0,FDS Bit1,[1] PIContr+ActVD-C,,,,,,,,
U352,S.TeCntr Setp,0,FDS Bit1,K0  FixConn 0%,,,,,,,,
U353,TeCntr SetpSmth,0,FDS Bit1,0.00 s,,,,,,,,
U355,S.TeCntr ActV,0,FDS Bit1,K0  FixConn 0%,,,,,,,,
U358,TeCntr ActVSmth,0,FDS Bit1,0.00 s,,,,,,,,
U360,S.TeCntr I Set,0,FDS Bit1,B556  TechCtrl lock,,,,,,,,
U361,S.TeCntr ISetV,0,FDS Bit1,K0  FixConn 0%,,,,,,,,
U362,S.TeCntr Droop,0,FDS Bit1,K0  FixConn 0%,,,,,,,,
U363,S.TeCntrGainAd,0,FDS Bit1,K1  FixConn 100%,,,,,,,,
U364,TeCntr BasicGain,1,FDS 1,3,,,,,,,,
U366,TeCntr Time,1,FDS 1,3.00 s,,,,,,,,
U367,TeCntrDerivation,1,FDS 1,0.00 s,,,,,,,,
U368,S.TeCntr PRE,0,FDS 4,K0  FixConn 0%,,,,,,,,
U369,TeCntrFStpOutLim,0,FDS 4,100.00%,,,,,,,,
U370,S.TeCntrOutLim,1,FDS 4,K586  TeCntr UpperLim,,,,,,,,
U371,TeCntrOutLimTime,0,FDS 4,0.00 s,,,,,,,,
U380,S.SimpRGen In,0,FDS 4,K0  FixConn 0%,,,,,,,,
U381,S.Set SimpRGen,0,FDS 4,B0  FixBinector 0,,,,,,,,
U382,S.SetVSimpRGen,0,FDS 4,K0  FixConn 0%,,,,,,,,
U383,SimpRG Ac/DcTime,1,Accel Time,10.00 s,,,,,,,,
U390,S.WobbSetp Unwo,0,Decel Time,K0  FixConn 0%,,,,,,,,
U391,S.Wobb SyncInp,0,Decel Time,B0  FixBinector 0,,,,,,,,
U392,S.Wobb Rel,0,Decel Time,B0  FixBinector 0,,,,,,,,
U393,Wobb Amplitude,1,FDS 1,0.00%,,,,,,,,
U394,Wobb Freq,1,FDS 1,60.0 min��,,,,,,,,
U395,Wobb Phase Shift,1,FDS 1,360 �,,,,,,,,
U396,Wobb P-Step,1,FDS 1,0.00%,,,,,,,,
U397,Wobb P-Step,1,FDS 1,0.00%,,,,,,,,
U398,Wobb Sampl Ratio,1,FDS 1,50%,,,,,,,,
U400,S.ConnAnaDel_1,0,FDS 4,K0  FixConn 0%,,,,,,,,
U401,AnaDelayEl_1_T,0,FDS 4,0,,,,,,,,
U402,S.ConnAnaDE_2,0,FDS 4,K0  FixConn 0%,,,,,,,,
U403,AnaDE_2_T,0,FDS 4,0,,,,,,,,
U404,S.SampTChange,1,FDS 4,B0  FixBinector 0,,,,,,,,
U405,S.MulDiv32_1_32,0,FDS 4,K0  FixConn 0%,,,,,,,,
U406,S.MulDiv32_1_16,1,FDS 4,K0  FixConn 0%,,,,,,,,
U407,S.PulsGen Tp,0,FDS 4,K613  PulseGen_1 Tp,,,,,,,,
U408,S.Integr32_1,1,FDS 4,K0  FixConn 0%,,,,,,,,
U409,S.Integr32_1_t,0,FDS 4,K611  Integr32_1 Ti,,,,,,,,
U410,S.Integr32_1_s,0,FDS 4,B0  FixBinector 0,,,,,,,,
U411,S.Integr32_2,1,Current value,K0  FixConn 0%,,,,,,,,
U412,S.Integr32_2_t,0,Setting value,K612  Integr32_2 Ti,,,,,,,,
U413,S.Integr32_2_s,0,Setting value,B0  FixBinector 0,,,,,,,,
U414,S.PT1Gl32_1,0,Setting value,K0  FixConn 0%,,,,,,,,
U415,PT1Element32_1_t,0,Setting value,0 ms,,,,,,,,
U416,S.PT1Elem32_1_s,0,Setting value,B0  FixBinector 0,,,,,,,,
U417,S.PT1Elem32_2,0,Setting value,K0  FixConn 0%,,,,,,,,
U418,PT1Elem32_2_t,0,Setting value,0 ms,,,,,,,,
U419,S.PT1El32_2_s,0,Setting value,B0  FixBinector 0,,,,,,,,
U420,S.DElem32_1,0,Setting value,K0  FixConn 0%,,,,,,,,
U421,S.DElem32_1_t,0,Setting value,0.01 s,,,,,,,,
U433,Integr32_1_Ti,0,Setting value,0.000 s,,,,,,,,
U434,Integr32_2_Ti,0,Setting value,0.000 s,,,,,,,,
U435,ImpGen_1_Tp,0,Setting value,0 ms,,,,,,,,
U436,FSetp CamContr3,1,Hysteresis,0,,,,,,,,
U437,S.Cam 5/6,1,ActPos,K0  FixConn 0%,,,,,,,,
U438,S.ConnToPar #,1,1st Parameter,K479  ConnToPar ParNo,,,,,,,,
U439,S.ConnToPar Ind,1,1st Parameter,K480  ConnToPar Index,,,,,,,,
U440,P-Ampf Gain,1,5th Parameter,1,,,,,,,,
U441,S.P-Amplifier,1,5th Parameter,K0  FixConn 0%,,,,,,,,
U442,Shift 32_number,1,5th Parameter,0,,,,,,,,
U443,S.Shift32,1,5th Parameter,K0  FixConn 0%,,,,,,,,
U444,S.ConnToPar V,1,1st Parameter,K0  FixConn 0%,,,,,,,,
U445,ConnToPar Par#,1,1st Parameter,0,,,,,,,,
U446,ConnToPar Index,1,1st Parameter,0,,,,,,,,
U447,S.ConnToPar Trg,1,1st Parameter,B0  FixBinector 0,,,,,,,,
U448,S.ConnToParEEPR,1,1st Parameter,B0  FixBinector 0,,,,,,,,
U449,S.ParToConnRd,1,1st Parameter,B0  FixBinector 0,,,,,,,,
U476,PRBS Shiftdiv.,1,Channel 1,0,,,,,,,,
U477,PRBS Ampl.,0,Channel 2,1.00%,,,,,,,,
U478,PRBS cycles,0,Channel 2,20,,,,,,,,
U480,S.TraceInput,1,Channel 1,K0  FixConn 0%,,,,,,,,
U481,Trace DoubleWord,1,Channel 1,[0] No DoubleWord,,,,,,,,
U482,TraceSampleTime,1,Channel 1,1,,,,,,,,
U483,S.TriggerInput,1,Channel 1,K0  FixConn 0%,,,,,,,,
U484,TriggerThresh,1,Channel 1,0,,,,,,,,
U485,TriggerBitNo.,1,Channel 1,[16] No Bit Trigg,,,,,,,,
U486,TriggerCondition,1,Channel 1,[0] Inp<Thresh,,,,,,,,
U487,PreTrigger,1,Channel 1,0%,,,,,,,,
U488,TraceStatusStart,1,Channel 1,[0] Trace stop,,,,,,,,
U489,S.BTriggerInput,1,Channel 1,B0  FixBinector 0,,,,,,,,
U490,Trace D-BlockNo.,1,Channel 1,0,,,,,,,,
U707,n.StandD,0,Channel 8,0 min��,,,,,,,,
U711,CharacteristicTP,0,Channel 8,[1] Red.D.maxTP,,,,,,,,
U712,MatThickD,0,Channel 8,0,,,,,,,,
U713,MatConstJ,1,MatWidthJ,100.00%,,,,,,,,
U714,Diameter,1,D.minNormD,100,,,,,,,,
U715,GenAxialWinder,1,v minD,1.00%,,,,,,,,
U716,FilterD,1,FilterRawD,100 ms,,,,,,,,
U717,SrcAxialWinderK,1,MatWidthJ %,K540  MatWidthJ,,,,,,,,
U718,SrcAxialWinderKK,1,v Web D,K0  FixConn 0%,,,,,,,,
U719,SrcAxialWinderB,1,D.holdD,B0  FixBinector 0,,,,,,,,
U800,Application,0,WindBottomJ,[0] Standard,,,,,,,,
U801,Ref Speed,0,WindBottomJ,1.000 m/s,,,,,,,,
U802,Gear Ratio,1,mot. side,30,,,,,,,,
U803,RopePulleyDia,0,lift side,500 mm,,,,,,,,
U804,Suspension,0,lift side,[1] 1 : 1,,,,,,,,
U805,Max Speed,0,lift side,1500 min��,,,,,,,,
U806,S.SpeedConn,1,lift side,K0  FixConn 0%,,,,,,,,
U810,FSetp 1,1,FDS 1,0.000 m/s,,,,,,,,
U811,FSetp 2,1,FDS 1,0.000 m/s,,,,,,,,
U812,FSetp 3,1,FDS 1,0.000 m/s,,,,,,,,
U813,FSetp 4,1,FDS 1,0.000 m/s,,,,,,,,
U814,FSetp 5,1,FDS 1,0.000 m/s,,,,,,,,
U815,FSetp 6,1,FDS 1,0.000 m/s,,,,,,,,
U816,FSetp 7,1,FDS 1,0.000 m/s,,,,,,,,
U817,FSetp 8,1,FDS 1,0.000 m/s,,,,,,,,
U818,S.FSetp Bit4,1,BiCoDS 1,B0  FixBinector 0,,,,,,,,
U819,S.FSetp Bit5,1,BiCoDS 1,B0  FixBinector 0,,,,,,,,
U820,S.FSetp Bit6,1,BiCoDS 1,B0  FixBinector 0,,,,,,,,
U821,S.BCD Trigger,1,BiCoDS 1,B1  FixBinector 1,,,,,,,,
U822,FSetp Select,0,BiCoDS 2,[1] BCD,,,,,,,,
U824,ThrPulseEnable,0,BiCoDS 2,0.00%,,,,,,,,
U825,Funct AddSetp1,0,BiCoDS 2,[0] MainSetp add,,,,,,,,
U826,Sel FDS Rgen,0,BiCoDS 2,[0] STW bits,,,,,,,,
U827,Acceleration,1,FDS 1,1,,,,,,,,
U828,Deceleration,1,FDS 1,1,,,,,,,,
U829,Init Jerk,1,FDS 1,0.8,,,,,,,,
U830,Final Jerk,1,FDS 1,0.8,,,,,,,,
U831,V1 Comp,0,FDS 4,0.000 m/s,,,,,,,,
U832,V2 Comp,0,FDS 4,0.000 m/s,,,,,,,,
U833,V3 Comp,0,FDS 4,0.000 m/s,,,,,,,,
U834,V4 Comp,0,FDS 4,0.000 m/s,,,,,,,,
U835,Smoothing V(act),0,FDS 4,100 ms,,,,,,,,
U836,Compare Hyst,0,FDS 4,3.00%,,,,,,,,
U837,EmergOper Vd,1,Lower limit,380 V,,,,,,,,
U838,EmergOperMDS,0,Upper limit,1,,,,,,,,
U839,EmergOper V,0,Upper limit,0.200 m/s,,,,,,,,
U840,I(max) Brake,0,Upper limit,500%,,,,,,,,
U841,Smooth AddSetp2,1,MDS1,50 ms,,,,,,,,
U842,Start Pulse,1,MDS1,0.00%,,,,,,,,
U843,SmoothStartPulse,1,MDS1,100 ms,,,,,,,,
U844,S.StartPulse,1,BiCoDS 1,B275  Open Brake,,,,,,,,
U845,Approach Delay,1,FDS 1,0.00 s,,,,,,,,
U846,Time Short Run,1,FDS 1,0.00 s,,,,,,,,
U847,S.t-short run,1,BiCoDS 1,K650  Short Run Time,,,,,,,,
U905,ObjectDataBeg,1,BiCoDS 2,0,,,,,,,,
U910,SlotDeselect,1,Basic board,0,,,,,,,,
